parameterId	parameterScale	lowerBound	upperBound	nominalValue	estimate
km0scale	log10	0.00001	100000	502	1
delta	log10	0.00001	100000	0.8	1
gamma	log10	0.00001	100000	0.03	1
sigma	log10	0.00001	100000	5	1
offset	log10	0.00001	100000	5	1
