parameterId	parameterScale	lowerBound	upperBound	nominalValue	estimate
R0_NY	log10	1.5	5	1.5	1
gamma_NY	log10	0.01	0.2	0.15974646749068355	1
I0_NY	log10	1e3	1e4	3631.9734930511822	1
sd_I_NY	log10	1e2	1e3	638.7370177109516	1
R0_CA	log10	1.5	5	4.92721680123473	1
gamma_CA	log10	0.01	0.2	0.039032488375217576	1
I0_CA	log10	1e2	1e3	232.90259817432732	1
sd_I_CA	log10	1e2	1e3	171.5520042582738	1
