parameterId	parameterName	parameterScale	lowerBound	upperBound	nominalValue	estimate
rho	rho	log10	0.42	1.66	1.3719998890173604	1
kappa	kappa	log10	100.0	100000.0	1138.1028737412514	1
psi	psi	log10	1e-10	0.01	3.0451973420634607e-09	1
phi	phi	log10	1e-08	100000000.0	2.9021941106845426	1
beta	beta	log10	1.0	10000.0	1.0541567420359819	1
alpha	alpha	log10	0.0001	1000.0	2.9016154167675983	1
delta	delta	log10	0.01	100.0	0.37236432467696445	1
sigma_a	sigma_a	log10	10.0	100000.0	166.4831321759065	1
sigma_b	sigma_b	log10	0.0001	100.0	0.35929982754367545	1
