parameterId	parameterScale	lowerBound	upperBound	nominalValue	estimate
GRB2_total__FREE	log10	1E4	1E6	169853.19422230462	1
SHC1_total__FREE	log10	1E4	1E6	649425.6012099041	1
kdephosY1068__FREE	log10	0.1	100	1.6588142136877735	1
kdephosYN__FREE	log10	0.001	100	0.01718186979848268	1
ratio_kpkd_Y1068__FREE	log10	0.01	100	0.15754585734593093	1
ratio_kpkd_YN__FREE	log10	0.01	100	0.44476356871177164	1
