parameterId	parameterName	lowerBound	upperBound	nominalValue	estimate	priorParameters
NN	NN	1e-05	100000	480.000000026982	false	
T0	T0	1e-05	100000	11000.0000010581	false	
c	c	1e-05	100000	2.06000000014632	true	
delta	delta	1e-05	100000	0.529999999999037	true	
K0	K0	1e-05	100000	3.89999999976204e-07	false	
sd_task0_model0_perelson1_V	sigma_task0_model0_perelson1_V	1e-10	10000000000	100000.0	true	
