conditionID	conditionName	Epo_free
Epo_binding_1		5.16844164312106
Epo_binding_2		5.33425088478175
Epo_binding_3		57.5181010366957
Epo_binding_4		58.1223052164936
Epo_binding_5		62.9542833761113
Epo_binding_6		171.989409595993
Epo_binding_7		389.391414077964
Epo_binding_8		392.713539898629
Epo_binding_9		402.677952144489
Epo_binding_10		1809.43515978056
Epo_binding_11		1817.45106588716
Epo_binding_12		1835.62016071677
